{
    "pipelines": [
        {
            "id": "e8d22f12-8558-19a2-c41b-23ab27ad542a",
            "for": [
                "product_saveforweb"
            ],
            "name": "Product - Web TIF to JPG",
            "externalActions": [
                {
                    "action": "universal.openImagePath",
                    "id": "acbf6fdf-ca35-5548-ceba-2366d98c9395"
                },
                {
                    "action": "action.resizeImage",
                    "parameters": {
                        "w": "1200px",
                        "h": "1200px"
                    },
                    "id": "692c055d-6e59-7dd9-104c-51e90ea85ee5"
                },
                {
                    "action": "product.saveForWeb",
                    "parameters": {
                        "fileName": "P{{sku}}BHI.jpg"
                    },
                    "id": "75d17e15-dac0-e289-b999-cf6537cf4938"
                },
                {
                    "action": "action.resizeImage",
                    "parameters": {
                        "w": "300px",
                        "h": "300px"
                    },
                    "id": "dc8534e7-836f-ca77-400d-02b0a2b32637"
                },
                {
                    "action": "product.saveForWeb",
                    "parameters": {
                        "fileName": "P{{sku}}B.jpg"
                    },
                    "id": "ceed66a5-8382-ff4d-0d86-afae87cebe04"
                },
                {
                    "action": "action.resizeImage",
                    "parameters": {
                        "w": "100px",
                        "h": "100px"
                    },
                    "id": "0ba936b4-6ad9-85ad-f0a4-4695d4d6231b"
                },
                {
                    "action": "product.saveForWeb",
                    "parameters": {
                        "fileName": "P{{sku}}.jpg"
                    },
                    "id": "71ce5f24-2a21-28b8-4570-af175b88d48b"
                }
            ],
            "disabled": true
        },
        {
            "id": "92b1cef8-b609-ee79-1f1c-fbf4eb4e94e7",
            "for": [
                "product"
            ],
            "name": "Product - Web TIF",
            "externalActions": [
                {
                    "action": "product.makeWebTIF",
                    "id": "2c2f83bd-8fbb-48b3-9656-2d812d3a6c41"
                },
                {
                    "action": "action.saveDocument",
                    "id": "d547c56f-67f6-a3cd-e945-88af1697c126"
                },
                {
                    "action": "action.closeDocument",
                    "id": "bbd6f4e2-8c7a-ff34-8189-4c9040fe15a6"
                },
                {
                    "action": "action.revert",
                    "id": "2cb6e463-29c8-397a-6b3d-d19fd679bef4"
                }
            ],
            "disabled": true,
            "defaults": {
                "type": "product",
                "image": "",
                "package": "",
                "packageImages": []
            }
        },
        {
            "id": "bac9ad73-b734-b5bf-17e0-5e3698cea7f8",
            "for": [
                "product",
                "design_idea"
            ],
            "name": "CMYK",
            "externalActions": [
                {
                    "action": "product.makeCMYK",
                    "id": "016dd620-9b22-887c-5e77-f58a9fe00bcd"
                }
            ],
            "disabled": false,
            "defaults": {
                "type": "product",
                "image": "",
                "package": "",
                "packageImages": []
            }
        },
        {
            "id": "e2dd1aa7-19c9-0026-90ce-e9400d31a516",
            "for": [
                "product",
                "design_idea"
            ],
            "name": "RGB ",
            "externalActions": [
                {
                    "action": "product.makeRGB",
                    "id": "87174b56-0f99-9b66-6ce4-c1e607b82a64"
                }
            ],
            "disabled": true
        }
    ]
}